{
  "data": {},
  "hash": {
    "roomcount": {},
    "roomhistory": {
      "5ytRyq_8-": "{\"clientOptions\":{\"h\":{}},\"roomName\":\"game_room\",\"processId\":\"DC4K5-XKP\",\"state\":\"{\\\"hostSessionId\\\":\\\"pmYARqyeM\\\",\\\"players\\\":{\\\"pmYARqyeM\\\":{\\\"x\\\":591.4844970703125,\\\"y\\\":122.5333480834961,\\\"velocityX\\\":0,\\\"velocityY\\\":0,\\\"ready\\\":false},\\\"V8hQHcsMq\\\":{\\\"x\\\":56,\\\"y\\\":48,\\\"velocityX\\\":0,\\\"velocityY\\\":0,\\\"ready\\\":false}},\\\"fish\\\":{\\\"1\\\":{\\\"x\\\":288.0221862792969,\\\"y\\\":217.4993438720703},\\\"2\\\":{\\\"x\\\":361.24383544921875,\\\"y\\\":205.14076232910156},\\\"3\\\":{\\\"x\\\":285.5021667480469,\\\"y\\\":197.55172729492188},\\\"4\\\":{\\\"x\\\":303.30731201171875,\\\"y\\\":237.22607421875}},\\\"round\\\":{\\\"status\\\":\\\"post_round\\\",\\\"currentRound\\\":0,\\\"totalRounds\\\":3},\\\"bushes\\\":{\\\"0\\\":{\\\"x\\\":290.44476318359375,\\\"y\\\":138.1549530029297},\\\"1\\\":{\\\"x\\\":539.6097412109375,\\\"y\\\":127.2092514038086},\\\"2\\\":{\\\"x\\\":311.9656677246094,\\\"y\\\":411.847900390625},\\\"3\\\":{\\\"x\\\":528.9629516601562,\\\"y\\\":2.616757869720459},\\\"4\\\":{\\\"x\\\":577.4844970703125,\\\"y\\\":124.40232849121094}},\\\"shopX\\\":416,\\\"shopY\\\":64,\\\"shopReady\\\":true}\",\"clients\":[{\"sessionId\":\"pmYARqyeM\",\"reconnectionToken\":\"w3sDAbk6a\"},{\"sessionId\":\"V8hQHcsMq\",\"reconnectionToken\":\"4vTAcsQT9\"}]}"
    }
  },
  "keys": {}
}